time,maxMem,maxCpu
206.7542,791.57109375,306.90671722
