app,name,time,maxMem,maxCpu
WebApp-3,checkShowAdminPage,214.821,815.6640625,307.290751
WebApp-3,checkShowAdminPage,216.962,775.89453125,321.5702007
WebApp-3,checkShowAdminPage,228.756,778.40625,311.2678802
WebApp-3,checkShowAdminPage,201.606,792.7734375,326.33844
WebApp-3,checkShowAdminPage,219.494,780.578125,308.6576142
WebApp-3,checkShowAdminPage,178.676,766.97265625,281.8698151
WebApp-3,checkShowAdminPage,213.919,782.078125,326.1028427
WebApp-3,checkShowAdminPage,206.101,816.8828125,279.805646
WebApp-3,checkShowAdminPage,202.807,817.02734375,308.6810615
WebApp-3,checkShowAdminPage,184.4,789.43359375,297.4829208
