app,name,time,avgCpu,maxMem
Math,testInterval,20.49,295,732.87109375
Math,testInterval,11.54,402,604.8125
Math,testInterval,11.25,399,751.71875
Math,testInterval,11.59,414,644.4609375
Math,testInterval,11.86,399,618.00390625
Math,testInterval,11.59,398,764.984375
Math,testInterval,12.17,406,622.7421875
Math,testInterval,11.34,405,654.86328125
Math,testInterval,12.08,400,617.1796875
Math,testInterval,12.51,400,618.4140625
