time,maxMem,maxCpu
170.0784,1045.9203125,355.39533852000005
