app,name,time,maxMem,maxCpu
WebApp-1,checkCreateList,189.83390000000003,819.942578125,364.99465326999996
