app,name,time,maxMem,maxCpu
WebApp-1,checkCreateList,157.87780000000004,808.130859375,317.18105957
