time,maxMem,maxCpu
157.62419999999997,1063.4765625,344.21513432
