,app,name,time,maxMem,maxCpu
0,WebApp-2,checkShowProfile,148.382,1064.20703125,353.7037469
1,WebApp-2,checkShowProfile,153.076,1049.8203125,412.5711403
2,WebApp-2,checkShowProfile,162.217,1091.6015625,283.1662032
3,WebApp-2,checkShowProfile,152.66,1050.1796875,357.70036150000004
4,WebApp-2,checkShowProfile,171.293,1059.8671875,285.8341691
5,WebApp-2,checkShowProfile,145.436,1035.15625,405.6081884
6,WebApp-2,checkShowProfile,148.756,1045.15625,304.7412314
7,WebApp-2,checkShowProfile,152.791,1081.51953125,379.4534827
8,WebApp-2,checkShowProfile,186.751,1038.66015625,307.6597262
9,WebApp-2,checkShowProfile,154.88,1118.59765625,351.7130935
