app,name,time,avgCpu,maxMem
Lang,testLang328,14.72,279,524.83203125
Lang,testLang328,7.55,410,459.78125
Lang,testLang328,7.17,405,476.390625
Lang,testLang328,7.56,406,491.546875
Lang,testLang328,7.66,409,463.20703125
Lang,testLang328,7.53,400,419.85546875
Lang,testLang328,7.15,405,512.3046875
Lang,testLang328,7.46,418,489.69140625
Lang,testLang328,7.20,410,491.03515625
Lang,testLang328,7.69,415,449.40234375
