app,name,time,maxMem,maxCpu
WebApp-2,checkDownload,170.88330000000002,1044.916015625,307.33482516
