time,maxMem,maxCpu
170.88330000000002,1044.916015625,307.33482516
